Temp,E,E^2,E^4,M,M^2,M^4
0.000000,-2.0000000000,4.0000000000,16.0000000000,1.0000000000,1.0000000000,1.0000000000
0.010000,-2.0000000000,4.0000000000,16.0000000000,1.0000000000,1.0000000000,1.0000000000
0.020000,-2.0000000000,4.0000000000,16.0000000000,1.0000000000,1.0000000000,1.0000000000
0.030000,-2.0000000000,4.0000000000,16.0000000000,1.0000000000,1.0000000000,1.0000000000
0.040000,-2.0000000000,4.0000000000,16.0000000000,1.0000000000,1.0000000000,1.0000000000
0.050000,-2.0000000000,4.0000000000,16.0000000000,1.0000000000,1.0000000000,1.0000000000
0.060000,-2.0000000000,4.0000000000,16.0000000000,1.0000000000,1.0000000000,1.0000000000
0.070000,-2.0000000000,4.0000000000,16.0000000000,1.0000000000,1.0000000000,1.0000000000
0.080000,-2.0000000000,4.0000000000,16.0000000000,1.0000000000,1.0000000000,1.0000000000
0.090000,-2.0000000000,4.0000000000,16.0000000000,1.0000000000,1.0000000000,1.0000000000
0.100000,-2.0000000000,4.0000000000,16.0000000000,1.0000000000,1.0000000000,1.0000000000
0.110000,-2.0000000000,4.0000000000,16.0000000000,1.0000000000,1.0000000000,1.0000000000
0.120000,-2.0000000000,4.0000000000,16.0000000000,1.0000000000,1.0000000000,1.0000000000
0.130000,-2.0000000000,4.0000000000,16.0000000000,1.0000000000,1.0000000000,1.0000000000
0.140000,-2.0000000000,4.0000000000,16.0000000000,1.0000000000,1.0000000000,1.0000000000
0.150000,-2.0000000000,4.0000000000,16.0000000000,1.0000000000,1.0000000000,1.0000000000
0.160000,-2.0000000000,4.0000000000,16.0000000000,1.0000000000,1.0000000000,1.0000000000
0.170000,-2.0000000000,4.0000000000,16.0000000000,1.0000000000,1.0000000000,1.0000000000
0.180000,-2.0000000000,4.0000000000,16.0000000000,1.0000000000,1.0000000000,1.0000000000
0.190000,-2.0000000000,4.0000000000,16.0000000000,1.0000000000,1.0000000000,1.0000000000
0.200000,-2.0000000000,4.0000000000,16.0000000000,1.0000000000,1.0000000000,1.0000000000
0.210000,-2.0000000000,4.0000000000,16.0000000000,1.0000000000,1.0000000000,1.0000000000
0.220000,-2.0000000000,4.0000000000,16.0000000000,1.0000000000,1.0000000000,1.0000000000
0.230000,-2.0000000000,4.0000000000,16.0000000000,1.0000000000,1.0000000000,1.0000000000
0.240000,-2.0000000000,4.0000000000,16.0000000000,1.0000000000,1.0000000000,1.0000000000
0.250000,-2.0000000000,4.0000000000,16.0000000000,1.0000000000,1.0000000000,1.0000000000
0.260000,-2.0000000000,4.0000000000,16.0000000000,1.0000000000,1.0000000000,1.0000000000
0.270000,-2.0000000000,4.0000000000,16.0000000000,1.0000000000,1.0000000000,1.0000000000
0.280000,-2.0000000000,4.0000000000,16.0000000000,1.0000000000,1.0000000000,1.0000000000
0.290000,-2.0000000000,4.0000000000,16.0000000000,1.0000000000,1.0000000000,1.0000000000
0.300000,-2.0000000000,4.0000000000,16.0000000000,1.0000000000,1.0000000000,1.0000000000
0.310000,-2.0000000000,4.0000000000,16.0000000000,1.0000000000,1.0000000000,1.0000000000
0.320000,-2.0000000000,4.0000000000,16.0000000000,1.0000000000,1.0000000000,1.0000000000
0.330000,-2.0000000000,4.0000000000,16.0000000000,1.0000000000,1.0000000000,1.0000000000
0.340000,-2.0000000000,4.0000000000,16.0000000000,1.0000000000,1.0000000000,1.0000000000
0.350000,-2.0000000000,4.0000000000,16.0000000000,1.0000000000,1.0000000000,1.0000000000
0.360000,-2.0000000000,4.0000000000,16.0000000000,1.0000000000,1.0000000000,1.0000000000
0.370000,-2.0000000000,4.0000000000,16.0000000000,1.0000000000,1.0000000000,1.0000000000
0.380000,-2.0000000000,4.0000000000,16.0000000000,1.0000000000,1.0000000000,1.0000000000
0.390000,-2.0000000000,4.0000000000,16.0000000000,1.0000000000,1.0000000000,1.0000000000
0.400000,-2.0000000000,4.0000000000,16.0000000000,1.0000000000,1.0000000000,1.0000000000
0.410000,-2.0000000000,4.0000000000,16.0000000000,1.0000000000,1.0000000000,1.0000000000
0.420000,-2.0000000000,4.0000000000,16.0000000000,1.0000000000,1.0000000000,1.0000000000
0.430000,-2.0000000000,4.0000000000,16.0000000000,1.0000000000,1.0000000000,1.0000000000
0.440000,-2.0000000000,4.0000000000,16.0000000000,1.0000000000,1.0000000000,1.0000000000
0.450000,-2.0000000000,4.0000000000,16.0000000000,1.0000000000,1.0000000000,1.0000000000
0.460000,-2.0000000000,4.0000000000,16.0000000000,1.0000000000,1.0000000000,1.0000000000
0.470000,-2.0000000000,4.0000000000,16.0000000000,1.0000000000,1.0000000000,1.0000000000
0.480000,-1.9999938965,3.9999755861,15.9998046920,0.9999984741,0.9999969483,0.9999938966
0.490000,-2.0000000000,4.0000000000,16.0000000000,1.0000000000,1.0000000000,1.0000000000
0.500000,-2.0000000000,4.0000000000,16.0000000000,1.0000000000,1.0000000000,1.0000000000
0.510000,-2.0000000000,4.0000000000,16.0000000000,1.0000000000,1.0000000000,1.0000000000
0.520000,-2.0000000000,4.0000000000,16.0000000000,1.0000000000,1.0000000000,1.0000000000
0.530000,-1.9999938965,3.9999755861,15.9998046920,0.9999984741,0.9999969483,0.9999938966
0.540000,-2.0000000000,4.0000000000,16.0000000000,1.0000000000,1.0000000000,1.0000000000
0.550000,-1.9999816895,3.9999267587,15.9994140849,0.9999954224,0.9999908448,0.9999816898
0.560000,-1.9999877930,3.9999511722,15.9996093839,0.9999969482,0.9999938965,0.9999877931
0.570000,-2.0000000000,4.0000000000,16.0000000000,1.0000000000,1.0000000000,1.0000000000
0.580000,-1.9999938965,3.9999755861,15.9998046920,0.9999984741,0.9999969483,0.9999938966
0.590000,-1.9999877930,3.9999511722,15.9996093839,0.9999969482,0.9999938965,0.9999877931
0.600000,-1.9999877930,3.9999511722,15.9996093839,0.9999969482,0.9999938965,0.9999877931
0.610000,-1.9999755859,3.9999023449,15.9992187768,0.9999938965,0.9999877930,0.9999755864
0.620000,-1.9999816895,3.9999267584,15.9994140759,0.9999954224,0.9999908448,0.9999816897
0.630000,-1.9999694824,3.9998779314,15.9990234777,0.9999923706,0.9999847413,0.9999694831
0.640000,-1.9999816895,3.9999267584,15.9994140759,0.9999954224,0.9999908448,0.9999816897
0.650000,-1.9999816895,3.9999267587,15.9994140849,0.9999954224,0.9999908448,0.9999816898
0.660000,-1.9999328613,3.9997314518,15.9978517190,0.9999832153,0.9999664311,0.9999328638
0.670000,-1.9999450684,3.9997802781,15.9982422993,0.9999862671,0.9999725345,0.9999450701
0.680000,-1.9999206543,3.9996826263,15.9974611565,0.9999801636,0.9999603277,0.9999206577
0.690000,-1.9999450684,3.9997802770,15.9982422724,0.9999862671,0.9999725344,0.9999450697
0.700000,-1.9998901367,3.9995605599,15.9964846879,0.9999725342,0.9999450692,0.9998901416
0.710000,-1.9999084473,3.9996338012,15.9970706031,0.9999771118,0.9999542244,0.9999084518
0.720000,-1.9999145508,3.9996582109,15.9972658127,0.9999786377,0.9999572759,0.9999145537
0.730000,-1.9998809814,3.9995239415,15.9961917829,0.9999694824,0.9999389659,0.9998779360
0.740000,-1.9998901367,3.9995605599,15.9964846879,0.9999725342,0.9999450692,0.9998901416
0.750000,-1.9998779297,3.9995117344,15.9960941255,0.9999694824,0.9999389658,0.9998779356
0.760000,-1.9998168945,3.9992676128,15.9941414564,0.9999542236,0.9999084494,0.9998169075
0.770000,-1.9997039795,3.9988160223,15.9905298479,0.9999252319,0.9998504705,0.9997009676
0.780000,-1.9996582031,3.9986329429,15.9890656288,0.9999145508,0.9998291097,0.9996582520
0.790000,-1.9996978760,3.9987915978,15.9903342852,0.9999237061,0.9998474181,0.9996948601
0.800000,-1.9996063232,3.9984254543,15.9874062156,0.9998992920,0.9997985945,0.9995972312
0.810000,-1.9995269775,3.9981081456,15.9848689319,0.9998809814,0.9997619778,0.9995240153
0.820000,-1.9994781494,3.9979128745,15.9833074241,0.9998687744,0.9997375664,0.9994752028
0.830000,-1.9994506836,3.9978030387,15.9824291782,0.9998611450,0.9997223095,0.9994446971
0.840000,-1.9994781494,3.9979128764,15.9833074688,0.9998687744,0.9997375664,0.9994752031
0.850000,-1.9994232178,3.9976932214,15.9815513746,0.9998535156,0.9997070539,0.9994141984
0.860000,-1.9992858887,3.9971440668,15.9771607258,0.9998199463,0.9996399251,0.9992799804
0.870000,-1.9990844727,3.9963387327,15.9707233292,0.9997665405,0.9995331359,0.9990664910
0.880000,-1.9990661621,3.9962655297,15.9701383300,0.9997650146,0.9995300852,0.9990603937
0.890000,-1.9989562988,3.9958262999,15.9666280622,0.9997344971,0.9994690656,0.9989384171
0.900000,-1.9988830566,3.9955334938,15.9642882148,0.9997177124,0.9994355058,0.9988713353
0.910000,-1.9986297607,3.9945209628,15.9561983988,0.9996520996,0.9993043230,0.9986091410
0.920000,-1.9985656738,3.9942647894,15.9541517956,0.9996353149,0.9992707654,0.9985420730
0.930000,-1.9985321045,3.9941305931,15.9530795213,0.9996276855,0.9992555110,0.9985115814
0.940000,-1.9982666016,3.9930694274,15.9446037145,0.9995635986,0.9991273888,0.9982555435
0.950000,-1.9982055664,3.9928255160,15.9426560873,0.9995391846,0.9990785834,0.9981580232
0.960000,-1.9979766846,3.9919108862,15.9353533864,0.9994903564,0.9989809760,0.9979630038
0.970000,-1.9978668213,3.9914719013,15.9318489878,0.9994583130,0.9989169237,0.9978350374
0.980000,-1.9974761963,3.9899111764,15.9193915413,0.9993560791,0.9987125747,0.9974268142
0.990000,-1.9975158691,3.9900697109,15.9206573110,0.9993698120,0.9987400252,0.9974816539
1.000000,-1.9971435547,3.9885824180,15.9087903434,0.9992706299,0.9985417946,0.9970857270
1.010000,-1.9969787598,3.9879242226,15.9035404940,0.9992324829,0.9984655588,0.9969334876
1.020000,-1.9967895508,3.9871685494,15.8975136673,0.9991775513,0.9983557816,0.9967142769
1.030000,-1.9964050293,3.9856330686,15.8852713981,0.9990859985,0.9981728344,0.9963490150
1.040000,-1.9961547852,3.9846339961,15.8773091944,0.9990127563,0.9980264923,0.9960568991
1.050000,-1.9955871582,3.9823681490,15.8592567605,0.9988662720,0.9977338328,0.9954728154
1.060000,-1.9955993652,3.9824168606,15.8596445938,0.9988647461,0.9977307830,0.9954667237
1.070000,-1.9950134277,3.9800786547,15.8410273382,0.9987213135,0.9974442679,0.9948950908
1.080000,-1.9948425293,3.9793967611,15.8355992895,0.9986740112,0.9973497833,0.9947066006
1.090000,-1.9946624756,3.9786784551,15.8298832603,0.9986297607,0.9972614035,0.9945303250
1.100000,-1.9938323975,3.9753678468,15.8035529775,0.9984008789,0.9968043288,0.9936189249
1.110000,-1.9939483643,3.9758302336,15.8072284998,0.9984390259,0.9968804986,0.9937707691
1.120000,-1.9929962158,3.9720342095,15.7770604216,0.9982055664,0.9964143708,0.9928416699
1.130000,-1.9928283691,3.9713650549,15.7717427191,0.9981491089,0.9963016559,0.9926170387
1.140000,-1.9923583984,3.9694921254,15.7568699189,0.9980041504,0.9960122919,0.9920405161
1.150000,-1.9918762207,3.9675710337,15.7416223699,0.9979003906,0.9958051997,0.9916280358
1.160000,-1.9910247803,3.9641797252,15.7147216781,0.9976837158,0.9953728003,0.9907670256
1.170000,-1.9901123047,3.9605471301,15.6859358645,0.9974288940,0.9948644095,0.9897552361
1.180000,-1.9897003174,3.9589075344,15.6729517392,0.9973312378,0.9946696129,0.9893676988
1.190000,-1.9893096924,3.9573540334,15.6606664756,0.9972122192,0.9944322748,0.9888958061
1.200000,-1.9883361816,3.9534808322,15.6300116545,0.9969589233,0.9939271016,0.9878911100
1.210000,-1.9876922607,3.9509208551,15.6097808441,0.9967727661,0.9935559766,0.9871535951
1.220000,-1.9873504639,3.9495622873,15.5990489118,0.9966796875,0.9933704307,0.9867849364
1.230000,-1.9870117188,3.9482159834,15.5884159747,0.9966171265,0.9932457277,0.9865371986
1.240000,-1.9850219727,3.9403127122,15.5260718403,0.9960601807,0.9921359237,0.9843338504
1.250000,-1.9852569580,3.9412455400,15.5334219353,0.9961273193,0.9922696597,0.9845991704
1.260000,-1.9848602295,3.9396706363,15.5210126932,0.9960510254,0.9921176842,0.9842976540
1.270000,-1.9825897217,3.9306625084,15.4501156795,0.9954086304,0.9908383840,0.9817608718
1.280000,-1.9818542480,3.9277462875,15.4271913242,0.9951934814,0.9904100706,0.9809121279
1.290000,-1.9810577393,3.9245903702,15.4024190517,0.9949859619,0.9899971096,0.9800944559
1.300000,-1.9801513672,3.9210010089,15.3742735701,0.9947738647,0.9895751746,0.9792595515
1.310000,-1.9794982910,3.9184141928,15.3539808890,0.9945510864,0.9891319197,0.9783821769
1.320000,-1.9783020020,3.9136790975,15.3168885660,0.9942092896,0.9884521362,0.9770377235
1.330000,-1.9772338867,3.9094543921,15.2838422319,0.9939315796,0.9879000248,0.9759466165
1.340000,-1.9761535645,3.9051832058,15.2504604847,0.9936477661,0.9873358958,0.9748322212
1.350000,-1.9749877930,3.9005775614,15.2145174681,0.9932922363,0.9866295355,0.9734381114
1.360000,-1.9734161377,3.8943718764,15.1661420271,0.9928680420,0.9857870034,0.9717762312
1.370000,-1.9720520020,3.8889893637,15.1242423979,0.9925125122,0.9850811087,0.9703848768
1.380000,-1.9707794189,3.8839725082,15.0852578205,0.9921417236,0.9843452587,0.9689358205
1.390000,-1.9696258545,3.8794281095,15.0499950739,0.9918258667,0.9837187310,0.9677032541
1.400000,-1.9690277100,3.8770707525,15.0316873869,0.9917190552,0.9835067289,0.9672856608
1.410000,-1.9665985107,3.8675109581,14.9576604405,0.9909622192,0.9820062302,0.9643366691
1.420000,-1.9656738281,3.8638745413,14.9295410386,0.9907257080,0.9815375364,0.9634163589
1.430000,-1.9636810303,3.8560441928,14.8690923127,0.9901290894,0.9803557161,0.9610977321
1.440000,-1.9611083984,3.8459465476,14.7913109587,0.9894149780,0.9789420368,0.9583276602
1.450000,-1.9604461670,3.8433514731,14.7713859074,0.9892395020,0.9785949878,0.9576489158
1.460000,-1.9586303711,3.8362340679,14.7167092675,0.9887847900,0.9776954102,0.9558885075
1.470000,-1.9572387695,3.8307843721,14.6749207214,0.9883026123,0.9767421349,0.9540255160
1.480000,-1.9542266846,3.8190030459,14.5848012405,0.9874710083,0.9750990768,0.9508185392
1.490000,-1.9519897461,3.8102655597,14.5181478675,0.9866943359,0.9735657914,0.9478306573
1.500000,-1.9508056641,3.8056433420,14.4829304255,0.9863876343,0.9729606203,0.9466525837
1.510000,-1.9497314453,3.8014539341,14.4510706365,0.9862045288,0.9725994803,0.9459501680
1.520000,-1.9480651855,3.7949583118,14.4017138195,0.9855926514,0.9713928895,0.9436042044
1.530000,-1.9451599121,3.7836496995,14.3160445959,0.9847061157,0.9696463736,0.9402150175
1.540000,-1.9420715332,3.7716426366,14.2253001900,0.9839126587,0.9680841847,0.9371872396
1.550000,-1.9412811279,3.7685732647,14.2021572185,0.9835891724,0.9674477222,0.9359553358
1.560000,-1.9378295898,3.7551845635,14.1014267923,0.9825775146,0.9654586918,0.9321109471
1.570000,-1.9351806641,3.7449250725,14.0244768233,0.9817886353,0.9639089901,0.9291207947
1.580000,-1.9333862305,3.7379847955,13.9725674140,0.9812561035,0.9628637115,0.9271071852
1.590000,-1.9318328857,3.7319810002,13.9277225422,0.9806976318,0.9617681434,0.9249991097
1.600000,-1.9278442383,3.7165844308,13.8130150486,0.9794448853,0.9593123557,0.9202804739
1.610000,-1.9256683350,3.7082012059,13.7507958069,0.9788345337,0.9581174333,0.9179905069
1.620000,-1.9217803955,3.6932411009,13.6400477387,0.9775268555,0.9555589582,0.9130937066
1.630000,-1.9201232910,3.6868749644,13.5930693003,0.9770462036,0.9546193672,0.9112984542
1.640000,-1.9171844482,3.6756037896,13.5101748077,0.9762023926,0.9529719863,0.9081589455
1.650000,-1.9141632080,3.6640229539,13.4250959767,0.9753540039,0.9513157157,0.9050026675
1.660000,-1.9127502441,3.6586186255,13.3855653163,0.9748260498,0.9502863342,0.9030460432
1.670000,-1.9084106445,3.6420330226,13.2644312551,0.9733078003,0.9473282824,0.8974316636
1.680000,-1.9043670654,3.6266147454,13.1523464865,0.9722351074,0.9452411978,0.8934812762
1.690000,-1.9016052246,3.6161073088,13.0763026634,0.9712387085,0.9433051404,0.8898265189
1.700000,-1.8982391357,3.6033160133,12.9839468117,0.9699844360,0.9408702800,0.8852386673
1.710000,-1.8933990479,3.5849655930,12.8520592002,0.9683853149,0.9377708935,0.8794171573
1.720000,-1.8923248291,3.5808985345,12.8229099535,0.9682327271,0.9374751193,0.8788614961
1.730000,-1.8864196777,3.5585821358,12.6635485549,0.9663742065,0.9338796066,0.8721329839
1.740000,-1.8835144043,3.5476285022,12.5856962512,0.9648635864,0.9309619929,0.8666911728
1.750000,-1.8792022705,3.5314090145,12.4709605032,0.9636169434,0.9285587256,0.8622254391
1.760000,-1.8745697021,3.5140135210,12.3483184696,0.9622619629,0.9259481265,0.8573800861
1.770000,-1.8739257813,3.5116011743,12.3313897689,0.9619613647,0.9253702439,0.8563122245
1.780000,-1.8684906006,3.4912576589,12.1888875030,0.9600250244,0.9216481222,0.8494355364
1.790000,-1.8651855469,3.4789197442,12.1029190237,0.9590087891,0.9196983812,0.8458470387
1.800000,-1.8599121094,3.4592748439,11.9666072184,0.9571212769,0.9160813568,0.8392058516
1.810000,-1.8537292480,3.4363190119,11.8083830490,0.9549575806,0.9119451318,0.8316481228
1.820000,-1.8492675781,3.4197968279,11.6950957405,0.9532730103,0.9087301768,0.8257932390
1.830000,-1.8455322266,3.4059915066,11.6008095992,0.9518325806,0.9059854412,0.8208102713
1.840000,-1.8412780762,3.3903088321,11.4942465619,0.9504928589,0.9034371191,0.8162002340
1.850000,-1.8354370117,3.3688341722,11.3491129629,0.9481384277,0.8989677131,0.8081473886
1.860000,-1.8295532227,3.3472699553,11.2042824781,0.9462707520,0.8954293586,0.8017973975
1.870000,-1.8244232178,3.3285275917,11.0791959604,0.9441116333,0.8913480224,0.7945057403
1.880000,-1.8207885742,3.3152751002,10.9911029347,0.9426986694,0.8886820902,0.7897605084
1.890000,-1.8152252197,3.2950473073,10.8573989138,0.9408447266,0.8851897124,0.7835640625
1.900000,-1.8089080811,3.2721565552,10.7071147579,0.9382324219,0.8802821127,0.7749037694
1.910000,-1.8042236328,3.2552387930,10.5967864533,0.9361862183,0.8764473178,0.7681693085
1.920000,-1.7984008789,3.2342536210,10.4604987616,0.9341552734,0.8726477123,0.7615197522
1.930000,-1.7910186768,3.2077560334,10.2898029156,0.9312118530,0.8671579265,0.7519712278
1.940000,-1.7845520020,3.1846415392,10.1421420271,0.9282623291,0.8616736109,0.7424905910
1.950000,-1.7805908203,3.1705077272,10.0521706225,0.9265823364,0.8585558321,0.7371215667
1.960000,-1.7739776611,3.1470042901,9.9037310845,0.9241775513,0.8541069114,0.7295080751
1.970000,-1.7667358398,3.1213591865,9.7429287869,0.9205215454,0.8473612465,0.7180255897
1.980000,-1.7581604004,3.0911351025,9.5552041362,0.9169967651,0.8408839187,0.7070886314
1.990000,-1.7529693604,3.0729137425,9.4429485945,0.9148452759,0.8369443005,0.7004838678
2.000000,-1.7469543457,3.0518533106,9.3138553115,0.9123947144,0.8324653483,0.6930026650
2.010000,-1.7386810303,3.0230204928,9.1387589699,0.9084747314,0.8253279472,0.6811715351
2.020000,-1.7297515869,2.9920420660,8.9523338506,0.9042160034,0.8176069512,0.6684823381
2.030000,-1.7207763672,2.9610764795,8.7680352249,0.8996307373,0.8093361936,0.6550274374
2.040000,-1.7183441162,2.9527216890,8.7187448525,0.8981887817,0.8067466527,0.6508516709
2.050000,-1.7089050293,2.9203721279,8.5287573851,0.8945907593,0.8002963656,0.6404862500
2.060000,-1.6992553711,2.8874789654,8.3376521534,0.8894393921,0.7911040899,0.6258509261
2.070000,-1.6894958496,2.8544033093,8.1476991699,0.8843536377,0.7820834410,0.6116610217
2.080000,-1.6804992676,2.8240857033,7.9755493247,0.8796737671,0.7738310989,0.5988305530
2.090000,-1.6729248047,2.7987009997,7.8329911238,0.8752761841,0.7661189499,0.5869705245
2.100000,-1.6657928467,2.7748727817,7.6999962301,0.8714721680,0.7594649847,0.5767908474
2.110000,-1.6473175049,2.7136605757,7.3640146864,0.8610443115,0.7414006352,0.5496847682
2.120000,-1.6450195312,2.7061176232,7.3233791744,0.8610458374,0.7414024010,0.5496848230
2.130000,-1.6336090088,2.6687107689,7.1223630794,0.8510025024,0.7242170400,0.5245245191
2.140000,-1.6233551025,2.6353018715,6.9450276812,0.8448898315,0.7138430330,0.5095838934
2.150000,-1.6098327637,2.5915739901,6.7163849810,0.8368041992,0.7002499308,0.4903741841
2.160000,-1.6013885498,2.5644656688,6.5766931853,0.8272811890,0.6844180390,0.4684932597
2.170000,-1.5824615479,2.5041994148,6.2711632374,0.8154479980,0.6649619398,0.4421916810
2.180000,-1.5725341797,2.4728897309,6.1154405952,0.8092941284,0.6549731804,0.4290323529
2.190000,-1.5583496094,2.4284561245,5.8974245853,0.7951446533,0.6322571273,0.3997544036
2.200000,-1.5456756592,2.3891262218,5.7080482930,0.7862380981,0.6181776054,0.3821615056
2.210000,-1.5348999023,2.3559305872,5.5505306005,0.7769653320,0.6036766118,0.3644290351
2.220000,-1.5247283936,2.3248133815,5.4049126432,0.7683227539,0.5903397729,0.3485482020
2.230000,-1.5076324463,2.2729916346,5.1668198338,0.7527465820,0.5666561935,0.3211645272
2.240000,-1.4881317139,2.2145447528,4.9042859380,0.7333236694,0.5377687426,0.2892062605
2.250000,-1.4771545410,2.1820320810,4.7616703185,0.7188385010,0.5167542188,0.2670873442
2.260000,-1.4570861816,2.1231559710,4.5082662324,0.6895767212,0.4756060131,0.2263729803
2.270000,-1.4372589111,2.0657222755,4.2672837432,0.6719360352,0.4515102634,0.2038837393
2.280000,-1.4206146240,2.0181711210,4.0732175664,0.6435287476,0.4142221015,0.1717354049
2.290000,-1.3976043701,1.9533277708,3.8157218992,0.6000335693,0.3603226434,0.1302337649
2.300000,-1.3791412354,1.9020369589,3.6177934370,0.5561019897,0.3092561466,0.0956476780
2.310000,-1.3594055176,1.8479967572,3.4151907473,0.5192626953,0.2697411307,0.0728764775
2.320000,-1.3401092529,1.7958995912,3.2253039876,0.4793441772,0.2299297317,0.0530123567
2.330000,-1.3230499268,1.7505210083,3.0647417027,0.4370498657,0.1911627716,0.0366592754
2.340000,-1.2965881348,1.6811560730,2.8263885799,0.3799285889,0.1446032243,0.0210632983
2.350000,-1.2852447510,1.6518725017,2.7288047459,0.3209930420,0.1033014771,0.0107801363
2.360000,-1.2623474121,1.5936149140,2.5402069636,0.2781707764,0.0775465048,0.0060655624
2.370000,-1.2420227051,1.5426904707,2.3803244112,0.2102676392,0.0444249953,0.0020109608
2.380000,-1.2336639404,1.5219315785,2.3163053066,0.1760910034,0.0310777464,0.0009744867
2.390000,-1.2190582275,1.4861751847,2.2091458683,0.1543624878,0.0240006888,0.0005930110
2.400000,-1.2087432861,1.4610635543,2.1347255075,0.1192733765,0.0142564882,0.0002049572
2.410000,-1.1996826172,1.4392459192,2.0714722921,0.0591705322,0.0038243623,0.0000183300
2.420000,-1.1823883057,1.3980501937,1.9545895787,0.0337600708,0.0012850913,0.0000021633
2.430000,-1.1702178955,1.3694195021,1.8753623953,0.0180725098,0.0003456217,0.0000001443
2.440000,-1.1618011475,1.3497982061,1.8220435316,0.0200225830,0.0004766330,0.0000003311
2.450000,-1.1492950439,1.3208999812,1.7448872119,0.0190795898,0.0003988953,0.0000002112
2.460000,-1.1428497314,1.3061188966,1.7060166787,0.0376251221,0.0014514410,0.0000023001
2.470000,-1.1316528320,1.2806440920,1.6400797564,0.0149841309,0.0003234504,0.0000001983
2.480000,-1.1251525879,1.2659872303,1.6028193844,0.0333038330,0.0012064260,0.0000018715
2.490000,-1.1149780273,1.2431837141,1.5455439889,0.0125564575,0.0002050221,0.0000000916
2.500000,-1.1069976807,1.2254610623,1.5018386813,0.0133560181,0.0002518098,0.0000001173
2.510000,-1.0986114502,1.2069516737,1.4567543825,0.0163131714,0.0002882129,0.0000001026
2.520000,-1.0881774902,1.1841450005,1.4022693637,0.0031890869,0.0000188953,0.0000000009
2.530000,-1.0822204590,1.1712150595,1.3718100926,0.0094039917,0.0001028704,0.0000000150
2.540000,-1.0737396240,1.1529276967,1.3292926877,0.0105651855,0.0001878783,0.0000000835
2.550000,-1.0672637939,1.1390770823,1.2976109936,0.0098449707,0.0001329239,0.0000000371
2.560000,-1.0563629150,1.1159157233,1.2453264450,0.0057556152,0.0000356364,0.0000000016
2.570000,-1.0495788574,1.1016218685,1.2135975710,0.0066604614,0.0000513246,0.0000000033
2.580000,-1.0409851074,1.0836605536,1.1743659359,0.0174774170,0.0004115255,0.0000002948
2.590000,-1.0379791260,1.0774244699,1.1609458434,0.0094360352,0.0001250331,0.0000000410
2.600000,-1.0310607910,1.0631068858,1.1302837138,0.0136795044,0.0002155583,0.0000000645
2.610000,-1.0214782715,1.0434491767,1.0889171690,0.0064056396,0.0000537827,0.0000000048
2.620000,-1.0147216797,1.0296636234,1.0602217436,0.0138107300,0.0002165172,0.0000000676
2.630000,-1.0077728271,1.0156129042,1.0314974018,0.0033020020,0.0000138938,0.0000000004
2.640000,-1.0012115479,1.0024374164,1.0049322983,0.0063339233,0.0000564629,0.0000000062
2.650000,-0.9966064453,0.9932776955,0.9868121816,0.0097808838,0.0001278864,0.0000000290
2.660000,-0.9890167236,0.9781711187,0.9568854454,0.0054122925,0.0000376090,0.0000000024
2.670000,-0.9838317871,0.9679340391,0.9369312973,0.0053726196,0.0000560726,0.0000000103
2.680000,-0.9782745361,0.9570468775,0.9160373753,0.0084655762,0.0000993996,0.0000000178
2.690000,-0.9700195312,0.9409393447,0.8853723169,0.0078079224,0.0000715144,0.0000000076
2.700000,-0.9663635254,0.9338742830,0.8721802866,0.0032135010,0.0000168542,0.0000000008
2.710000,-0.9559600830,0.9138841131,0.8352734781,0.0068176270,0.0000575019,0.0000000057
2.720000,-0.9512725830,0.9049303386,0.8189380618,0.0056884766,0.0000444835,0.0000000038
2.730000,-0.9464965820,0.8958732073,0.8026511774,0.0050765991,0.0000427391,0.0000000050
2.740000,-0.9397308350,0.8830982475,0.7798774119,0.0092651367,0.0001198204,0.0000000381
2.750000,-0.9350372314,0.8742985796,0.7644118368,0.0067703247,0.0000568843,0.0000000060
2.760000,-0.9295471191,0.8640647281,0.7466316755,0.0041427612,0.0000235499,0.0000000012
2.770000,-0.9252899170,0.8561718732,0.7330660241,0.0051895142,0.0000298291,0.0000000011
2.780000,-0.9185760498,0.8437864135,0.7119905275,0.0044219971,0.0000240990,0.0000000011
2.790000,-0.9118408203,0.8314668209,0.6913808893,0.0064071655,0.0000516154,0.0000000038
2.800000,-0.9079620361,0.8243975914,0.6796397436,0.0032318115,0.0000200809,0.0000000015
2.810000,-0.9041595459,0.8175142818,0.6683616375,0.0084777832,0.0001192817,0.0000000267
2.820000,-0.8982574463,0.8068750944,0.6510753463,0.0074508667,0.0000593506,0.0000000044
2.830000,-0.8930236816,0.7974956445,0.6360131873,0.0132644653,0.0002297355,0.0000001273
2.840000,-0.8892059326,0.7906874012,0.6251872323,0.0028686523,0.0000090905,0.0000000001
2.850000,-0.8810333252,0.7762247586,0.6025405537,0.0041854858,0.0000227296,0.0000000010
2.860000,-0.8797882080,0.7740396907,0.5991758897,0.0063873291,0.0000722342,0.0000000162
2.870000,-0.8755493164,0.7665912878,0.5876765314,0.0056610107,0.0000359581,0.0000000017
2.880000,-0.8700958252,0.7570885632,0.5732493730,0.0080078125,0.0000828661,0.0000000130
2.890000,-0.8687622070,0.7547744103,0.5697647226,0.0062316895,0.0000651089,0.0000000112
2.900000,-0.8609313965,0.7412078686,0.5494039290,0.0091827393,0.0001488280,0.0000000666
2.910000,-0.8530487061,0.7277021697,0.5295796809,0.0076919556,0.0000940133,0.0000000267
2.920000,-0.8513549805,0.7248177780,0.5253968399,0.0039642334,0.0000188419,0.0000000005
2.930000,-0.8466430664,0.7168116525,0.5138395591,0.0039062500,0.0000278334,0.0000000025
2.940000,-0.8423156738,0.7095056318,0.5034263417,0.0015914917,0.0000037907,0.0000000000
2.950000,-0.8396209717,0.7049718747,0.4970093427,0.0077163696,0.0000877289,0.0000000136
2.960000,-0.8332824707,0.6943662517,0.4821628083,0.0047500610,0.0000404086,0.0000000046
2.970000,-0.8295501709,0.6881555950,0.4735639274,0.0052749634,0.0000380163,0.0000000029
2.980000,-0.8259826660,0.6822525166,0.4654826064,0.0058395386,0.0000559277,0.0000000097
2.990000,-0.8259216309,0.6821630768,0.4653915730,0.0040847778,0.0000239006,0.0000000014
3.000000,-0.8167358398,0.6670645367,0.4449940934,0.0090042114,0.0000994309,0.0000000160
3.010000,-0.8128997803,0.6608125733,0.4366904924,0.0097640991,0.0001396792,0.0000000541
3.020000,-0.8084960937,0.6536685523,0.4272894144,0.0064590454,0.0000447009,0.0000000026
3.030000,-0.8021392822,0.6434387030,0.4140422785,0.0056747437,0.0000352286,0.0000000016
3.040000,-0.8036590576,0.6458739644,0.4171689253,0.0030120850,0.0000136559,0.0000000004
3.050000,-0.8004089355,0.6406668562,0.4104857314,0.0029159546,0.0000105097,0.0000000002
3.060000,-0.7920257568,0.6273185498,0.3935630439,0.0016601562,0.0000044496,0.0000000001
3.070000,-0.7874969482,0.6201583833,0.3846136702,0.0067337036,0.0000741221,0.0000000162
3.080000,-0.7841674805,0.6149276062,0.3781580055,0.0040725708,0.0000316810,0.0000000024
3.090000,-0.7805908203,0.6093240773,0.3712808162,0.0045776367,0.0000241718,0.0000000009
3.100000,-0.7790740967,0.6069632109,0.3684207219,0.0037826538,0.0000217630,0.0000000012
3.110000,-0.7769897461,0.6037158755,0.3644796382,0.0046020508,0.0000366134,0.0000000047
3.120000,-0.7723510742,0.5965396238,0.3558915621,0.0080017090,0.0000961092,0.0000000258
3.130000,-0.7679809570,0.5898008667,0.3478794489,0.0057495117,0.0000454826,0.0000000033
3.140000,-0.7654052734,0.5858492533,0.3432287436,0.0044921875,0.0000236750,0.0000000008
3.150000,-0.7602081299,0.5779242987,0.3340147268,0.0033325195,0.0000166175,0.0000000006
3.160000,-0.7576568604,0.5740488770,0.3295434798,0.0024642944,0.0000150593,0.0000000008
3.170000,-0.7541442871,0.5687402210,0.3234804975,0.0071044922,0.0000962952,0.0000000223
3.180000,-0.7518554687,0.5652928223,0.3195698785,0.0027084351,0.0000091624,0.0000000002
3.190000,-0.7490509033,0.5610877863,0.3148431077,0.0021881104,0.0000100754,0.0000000003
3.200000,-0.7441192627,0.5537191445,0.3066174132,0.0027496338,0.0000140248,0.0000000006
3.210000,-0.7434173584,0.5526753502,0.3054632330,0.0030319214,0.0000120516,0.0000000002
3.220000,-0.7389678955,0.5460784535,0.2982123740,0.0025207520,0.0000091144,0.0000000002
3.230000,-0.7316894531,0.5353978819,0.2867123816,0.0037200928,0.0000237874,0.0000000011
3.240000,-0.7333526611,0.5378118703,0.2892539549,0.0050567627,0.0000274012,0.0000000009
3.250000,-0.7290588379,0.5315278891,0.2825242379,0.0038269043,0.0000201355,0.0000000009
3.260000,-0.7270660400,0.5286490224,0.2795207999,0.0038665771,0.0000189675,0.0000000006
3.270000,-0.7249206543,0.5255303158,0.2762249089,0.0039978027,0.0000192364,0.0000000006
3.280000,-0.7168304443,0.5138667473,0.2641020607,0.0030212402,0.0000142475,0.0000000005
3.290000,-0.7178070068,0.5152515314,0.2654936549,0.0034774780,0.0000158968,0.0000000004
3.300000,-0.7153778076,0.5117749987,0.2619332800,0.0018234253,0.0000050297,0.0000000000
3.310000,-0.7112396240,0.5058794253,0.2559496927,0.0019866943,0.0000063687,0.0000000001
3.320000,-0.7082702637,0.5016576637,0.2516822785,0.0047485352,0.0000277117,0.0000000012
3.330000,-0.7082366943,0.5016028101,0.2516125858,0.0030639648,0.0000150264,0.0000000006
3.340000,-0.7038116455,0.4953567517,0.2453900324,0.0061660767,0.0000470536,0.0000000034
3.350000,-0.7000030518,0.4900162502,0.2401394496,0.0041610718,0.0000216593,0.0000000008
3.360000,-0.6993713379,0.4891279172,0.2392610607,0.0077728271,0.0000716605,0.0000000077
3.370000,-0.6945037842,0.4823476325,0.2326827627,0.0058822632,0.0000459749,0.0000000035
3.380000,-0.6913665771,0.4780076830,0.2285295218,0.0035064697,0.0000179428,0.0000000006
3.390000,-0.6892150879,0.4750292224,0.2256752107,0.0034194946,0.0000137442,0.0000000003
3.400000,-0.6900543213,0.4761791667,0.2267546040,0.0040145874,0.0000246568,0.0000000011
3.410000,-0.6846618652,0.4687678090,0.2197543800,0.0028625488,0.0000124316,0.0000000004
3.420000,-0.6811737061,0.4640047140,0.2153135700,0.0036621094,0.0000172380,0.0000000005
3.430000,-0.6774414063,0.4589352108,0.2106367818,0.0044708252,0.0000257039,0.0000000009
3.440000,-0.6758209229,0.4567430499,0.2086309330,0.0015197754,0.0000035526,0.0000000000
3.450000,-0.6738433838,0.4540826146,0.2062231168,0.0029052734,0.0000183734,0.0000000014
3.460000,-0.6708160400,0.4500076082,0.2025312326,0.0045516968,0.0000268963,0.0000000013
3.470000,-0.6683563232,0.4467079644,0.1995619390,0.0038299561,0.0000321962,0.0000000042
3.480000,-0.6621582031,0.4384650228,0.1922719277,0.0048828125,0.0000371527,0.0000000037
3.490000,-0.6624755859,0.4388808263,0.1926285547,0.0035873413,0.0000227271,0.0000000018
3.500000,-0.6591735840,0.4345125646,0.1888059519,0.0029418945,0.0000096668,0.0000000001
3.510000,-0.6562866211,0.4307165950,0.1855244688,0.0043548584,0.0000217722,0.0000000007
3.520000,-0.6563049316,0.4307455207,0.1855578133,0.0025878906,0.0000084987,0.0000000001
3.530000,-0.6504272461,0.4230613171,0.1789905583,0.0025970459,0.0000109966,0.0000000003
3.540000,-0.6494415283,0.4217831044,0.1779157837,0.0059127808,0.0000429504,0.0000000028
3.550000,-0.6486328125,0.4207337021,0.1770323261,0.0026046753,0.0000116017,0.0000000003
3.560000,-0.6459442139,0.4172517800,0.1741121270,0.0037628174,0.0000169101,0.0000000004
3.570000,-0.6410308838,0.4109328772,0.1688859396,0.0037948608,0.0000187664,0.0000000007
3.580000,-0.6466796875,0.4182037697,0.1749096610,0.0036895752,0.0000168318,0.0000000004
3.590000,-0.6393371582,0.4087754512,0.1671358017,0.0027053833,0.0000142955,0.0000000007
3.600000,-0.6388061523,0.4080754869,0.1665291710,0.0024749756,0.0000113033,0.0000000005
3.610000,-0.6342315674,0.4022597642,0.1618292372,0.0051086426,0.0000431129,0.0000000062
3.620000,-0.6330200195,0.4007223124,0.1605911581,0.0057327271,0.0000361108,0.0000000018
3.630000,-0.6276550293,0.3939529804,0.1552023273,0.0029830933,0.0000127028,0.0000000003
3.640000,-0.6269531250,0.3930768554,0.1545198716,0.0020507813,0.0000055792,0.0000000001
3.650000,-0.6250091553,0.3906536624,0.1526372294,0.0034957886,0.0000249454,0.0000000021
3.660000,-0.6234130859,0.3886466429,0.1510505095,0.0043319702,0.0000278457,0.0000000020
3.670000,-0.6216918945,0.3865035391,0.1493891984,0.0043899536,0.0000266950,0.0000000014
3.680000,-0.6184814453,0.3825301384,0.1463458390,0.0022293091,0.0000077431,0.0000000002
3.690000,-0.6120574951,0.3746181070,0.1403443236,0.0049713135,0.0000347277,0.0000000023
3.700000,-0.6150482178,0.3782916388,0.1431156556,0.0038360596,0.0000234705,0.0000000014
3.710000,-0.6102569580,0.3724223153,0.1387114489,0.0039230347,0.0000202214,0.0000000008
3.720000,-0.6080780029,0.3697647697,0.1367347372,0.0036239624,0.0000195087,0.0000000009
3.730000,-0.6054809570,0.3666248680,0.1344395088,0.0017013550,0.0000040413,0.0000000000
3.740000,-0.6048950195,0.3659027024,0.1338916833,0.0026351929,0.0000112411,0.0000000003
3.750000,-0.6048034668,0.3657996302,0.1338274577,0.0057281494,0.0000335838,0.0000000012
3.760000,-0.6023559570,0.3628350140,0.1316526125,0.0058715820,0.0000549561,0.0000000079
3.770000,-0.6004302979,0.3605279180,0.1299967403,0.0052444458,0.0000391338,0.0000000030
3.780000,-0.5979309082,0.3575449491,0.1278720058,0.0016036987,0.0000046864,0.0000000001
3.790000,-0.5960144043,0.3552376043,0.1262000766,0.0028320312,0.0000095965,0.0000000002
3.800000,-0.5934661865,0.3522099582,0.1240628739,0.0029586792,0.0000142750,0.0000000005
3.810000,-0.5950714111,0.3541160823,0.1254068153,0.0069137573,0.0000557003,0.0000000045
3.820000,-0.5888153076,0.3467042544,0.1202049323,0.0025238037,0.0000107488,0.0000000003
3.830000,-0.5898712158,0.3479624757,0.1210979923,0.0038192749,0.0000202269,0.0000000007
3.840000,-0.5900695801,0.3482034503,0.1212753647,0.0031372070,0.0000124357,0.0000000003
3.850000,-0.5845367432,0.3416932098,0.1167678264,0.0017105103,0.0000037413,0.0000000000
3.860000,-0.5848297119,0.3420367341,0.1170041127,0.0034271240,0.0000191919,0.0000000008
3.870000,-0.5781280518,0.3342391701,0.1117253754,0.0020751953,0.0000085348,0.0000000002
3.880000,-0.5776397705,0.3336697369,0.1113382119,0.0030624390,0.0000136333,0.0000000003
3.890000,-0.5766265869,0.3325143861,0.1105872555,0.0033752441,0.0000147152,0.0000000003
3.900000,-0.5752624512,0.3309296506,0.1095180909,0.0024032593,0.0000079752,0.0000000001
3.910000,-0.5729949951,0.3283244270,0.1077984539,0.0029449463,0.0000106886,0.0000000002
3.920000,-0.5738616943,0.3293214967,0.1084582393,0.0028579712,0.0000090681,0.0000000001
3.930000,-0.5685516357,0.3232547534,0.1044985385,0.0039382935,0.0000212304,0.0000000009
3.940000,-0.5666534424,0.3211095374,0.1031284759,0.0018859863,0.0000051799,0.0000000001
3.950000,-0.5656250000,0.3199499669,0.1023916451,0.0019439697,0.0000065400,0.0000000002
3.960000,-0.5651428223,0.3193943126,0.1020228689,0.0043319702,0.0000278251,0.0000000015
3.970000,-0.5625946045,0.3165147352,0.1001841717,0.0039382935,0.0000194752,0.0000000007
3.980000,-0.5615509033,0.3153415611,0.0994430005,0.0037078857,0.0000249537,0.0000000017
3.990000,-0.5574615479,0.3107727861,0.0965914090,0.0031951904,0.0000109482,0.0000000002
4.000000,-0.5558135986,0.3089366881,0.0954516412,0.0028381348,0.0000105309,0.0000000002
4.010000,-0.5527435303,0.3055367056,0.0933665407,0.0021606445,0.0000056236,0.0000000001
4.020000,-0.5532714844,0.3061165280,0.0937161291,0.0041442871,0.0000192441,0.0000000005
4.030000,-0.5513183594,0.3039558013,0.0923938475,0.0043518066,0.0000285970,0.0000000021
4.040000,-0.5513793945,0.3040282585,0.0924441467,0.0032211304,0.0000169963,0.0000000008
4.050000,-0.5517150879,0.3044015364,0.0926748004,0.0022735596,0.0000058554,0.0000000001
4.060000,-0.5469879150,0.2992010810,0.0895276399,0.0034011841,0.0000160979,0.0000000004
4.070000,-0.5449493408,0.2969768377,0.0882035775,0.0038986206,0.0000262439,0.0000000016
4.080000,-0.5423126221,0.2941082540,0.0865058602,0.0027221680,0.0000132711,0.0000000004
4.090000,-0.5417358398,0.2934801226,0.0861334118,0.0036499023,0.0000163567,0.0000000004
4.100000,-0.5418304443,0.2935834435,0.0861950144,0.0044570923,0.0000221134,0.0000000007
4.110000,-0.5424163818,0.2942312574,0.0865904912,0.0034469604,0.0000175115,0.0000000006
4.120000,-0.5360137939,0.2873203773,0.0825640236,0.0031631470,0.0000181135,0.0000000008
4.130000,-0.5352844238,0.2865399274,0.0821171704,0.0023208618,0.0000079268,0.0000000001
4.140000,-0.5350311279,0.2862608465,0.0819481764,0.0012084961,0.0000024243,0.0000000000
4.150000,-0.5299804688,0.2808842172,0.0789014637,0.0025390625,0.0000113419,0.0000000003
4.160000,-0.5328948975,0.2839878053,0.0806613467,0.0025817871,0.0000089018,0.0000000001
4.170000,-0.5300994873,0.2810071709,0.0789669465,0.0030731201,0.0000156279,0.0000000007
4.180000,-0.5291107178,0.2799750231,0.0784048590,0.0029190063,0.0000106016,0.0000000002
4.190000,-0.5257598877,0.2764278958,0.0764172701,0.0028869629,0.0000101223,0.0000000002
4.200000,-0.5245208740,0.2751250183,0.0756969285,0.0038955688,0.0000173707,0.0000000004
4.210000,-0.5238006592,0.2743787659,0.0752964572,0.0040344238,0.0000204336,0.0000000007
4.220000,-0.5220642090,0.2725532002,0.0742876064,0.0027679443,0.0000098227,0.0000000002
4.230000,-0.5208465576,0.2712850936,0.0735999015,0.0026168823,0.0000086091,0.0000000001
4.240000,-0.5201141357,0.2705207947,0.0731837456,0.0031860352,0.0000145006,0.0000000004
4.250000,-0.5153533936,0.2656001082,0.0705550703,0.0037734985,0.0000168115,0.0000000005
4.260000,-0.5159881592,0.2662607119,0.0709126923,0.0042388916,0.0000325521,0.0000000029
4.270000,-0.5124206543,0.2625862340,0.0689633504,0.0011489868,0.0000023272,0.0000000000
4.280000,-0.5121490479,0.2622987858,0.0688028970,0.0050094604,0.0000325780,0.0000000019
4.290000,-0.5113891602,0.2615276671,0.0684059124,0.0031005859,0.0000125748,0.0000000002
4.300000,-0.5113952637,0.2615343982,0.0684099070,0.0017181396,0.0000039996,0.0000000000
4.310000,-0.5097229004,0.2598225444,0.0675130894,0.0018569946,0.0000066320,0.0000000002
4.320000,-0.5060882568,0.2561406486,0.0656238482,0.0030654907,0.0000153395,0.0000000005
4.330000,-0.5040405273,0.2540650117,0.0645573029,0.0033309937,0.0000134834,0.0000000003
4.340000,-0.5041931152,0.2542204710,0.0646379693,0.0027008057,0.0000186841,0.0000000013
4.350000,-0.5037963867,0.2538173165,0.0644298659,0.0032577515,0.0000272156,0.0000000030
4.360000,-0.5016418457,0.2516484408,0.0633308604,0.0040802002,0.0000232509,0.0000000013
4.370000,-0.5018310547,0.2518377964,0.0634257027,0.0034500122,0.0000202998,0.0000000011
4.380000,-0.4977081299,0.2477178249,0.0613685144,0.0027969360,0.0000095846,0.0000000001
4.390000,-0.4979003906,0.2479103044,0.0614649743,0.0033767700,0.0000144439,0.0000000004
4.400000,-0.4962493896,0.2462646571,0.0606474640,0.0047195435,0.0000284711,0.0000000013
4.410000,-0.4934509277,0.2435058938,0.0593068640,0.0021194458,0.0000074779,0.0000000002
4.420000,-0.4933929443,0.2434428762,0.0592705494,0.0025344849,0.0000146398,0.0000000006
4.430000,-0.4936859131,0.2437380175,0.0594201584,0.0027694702,0.0000156239,0.0000000006
4.440000,-0.4935272217,0.2435767193,0.0593370391,0.0030044556,0.0000105923,0.0000000002
4.450000,-0.4908325195,0.2409204730,0.0580464448,0.0017547607,0.0000036363,0.0000000000
4.460000,-0.4892608643,0.2393801370,0.0573066222,0.0024932861,0.0000088083,0.0000000002
4.470000,-0.4890502930,0.2391882255,0.0572284121,0.0037002563,0.0000213213,0.0000000010
4.480000,-0.4859008789,0.2361070292,0.0557534778,0.0013778687,0.0000041505,0.0000000001
4.490000,-0.4857482910,0.2359558984,0.0556794313,0.0020919800,0.0000055596,0.0000000001
4.500000,-0.4826843262,0.2329879739,0.0542869451,0.0009185791,0.0000009102,0.0000000000
4.510000,-0.4831054687,0.2333984331,0.0544818296,0.0020187378,0.0000059906,0.0000000001
4.520000,-0.4815185547,0.2318715979,0.0537751394,0.0019851685,0.0000074211,0.0000000002
4.530000,-0.4780792236,0.2285686595,0.0522517663,0.0026641846,0.0000099898,0.0000000002
4.540000,-0.4807647705,0.2311395823,0.0534299418,0.0032440186,0.0000151220,0.0000000005
4.550000,-0.4748199463,0.2254611686,0.0508392413,0.0016586304,0.0000077064,0.0000000003
4.560000,-0.4752014160,0.2258224198,0.0510012322,0.0022567749,0.0000113061,0.0000000005
4.570000,-0.4762542725,0.2268213145,0.0514507913,0.0038024902,0.0000251794,0.0000000020
4.580000,-0.4744232178,0.2250838421,0.0506685386,0.0040802002,0.0000208100,0.0000000008
4.590000,-0.4735839844,0.2242847857,0.0503063660,0.0036499023,0.0000155507,0.0000000003
4.600000,-0.4723480225,0.2231159692,0.0497837021,0.0040023804,0.0000179124,0.0000000004
4.610000,-0.4733825684,0.2240979052,0.0502260104,0.0030014038,0.0000125698,0.0000000004
4.620000,-0.4669982910,0.2180970655,0.0475748367,0.0026657104,0.0000097867,0.0000000002
4.630000,-0.4679779053,0.2190154011,0.0479782443,0.0036926270,0.0000152299,0.0000000003
4.640000,-0.4684631348,0.2194590763,0.0481634874,0.0026336670,0.0000097010,0.0000000002
4.650000,-0.4649963379,0.2162229192,0.0467534953,0.0033111572,0.0000159550,0.0000000006
4.660000,-0.4658020020,0.2169837072,0.0470925507,0.0021484375,0.0000081837,0.0000000002
4.670000,-0.4641845703,0.2154735742,0.0464342559,0.0027069092,0.0000115810,0.0000000003
4.680000,-0.4619781494,0.2134314509,0.0455594841,0.0044921875,0.0000358634,0.0000000044
4.690000,-0.4603546143,0.2119314232,0.0449191835,0.0020950317,0.0000064608,0.0000000001
4.700000,-0.4596893311,0.2113248477,0.0446672054,0.0023513794,0.0000079162,0.0000000001
4.710000,-0.4600494385,0.2116492880,0.0447986278,0.0019744873,0.0000079325,0.0000000002
4.720000,-0.4551025391,0.2071254480,0.0429068337,0.0016052246,0.0000028996,0.0000000000
4.730000,-0.4582214355,0.2099701819,0.0440902481,0.0021148682,0.0000075085,0.0000000001
4.740000,-0.4557281494,0.2076933851,0.0431408937,0.0032638550,0.0000155990,0.0000000005
4.750000,-0.4526611328,0.2049070215,0.0419908937,0.0032714844,0.0000140042,0.0000000004
4.760000,-0.4524169922,0.2046880461,0.0419028548,0.0024581909,0.0000101020,0.0000000002
4.770000,-0.4510711670,0.2034739313,0.0414087329,0.0019760132,0.0000050750,0.0000000001
4.780000,-0.4524749756,0.2047360339,0.0419188357,0.0019287109,0.0000045247,0.0000000000
4.790000,-0.4487915039,0.2014242076,0.0405800604,0.0012176514,0.0000028383,0.0000000000
4.800000,-0.4494964600,0.2020575657,0.0408357393,0.0047836304,0.0000262979,0.0000000011
4.810000,-0.4463684082,0.1992494767,0.0397041355,0.0039718628,0.0000222389,0.0000000011
4.820000,-0.4480468750,0.2007491753,0.0403027860,0.0015533447,0.0000032637,0.0000000000
4.830000,-0.4438659668,0.1970285888,0.0388294290,0.0026916504,0.0000092111,0.0000000001
4.840000,-0.4463073730,0.1991991201,0.0396873756,0.0023498535,0.0000090065,0.0000000002
4.850000,-0.4439178467,0.1970645325,0.0388355951,0.0031372070,0.0000156615,0.0000000006
4.860000,-0.4402709961,0.1938414768,0.0375767827,0.0024139404,0.0000094543,0.0000000002
4.870000,-0.4414123535,0.1948498178,0.0379702830,0.0022750854,0.0000066259,0.0000000001
4.880000,-0.4409851074,0.1944881479,0.0378415112,0.0035369873,0.0000191572,0.0000000008
4.890000,-0.4391632080,0.1928682662,0.0372011990,0.0027984619,0.0000102848,0.0000000002
4.900000,-0.4385162354,0.1922985791,0.0369803511,0.0031265259,0.0000116839,0.0000000002
4.910000,-0.4369232178,0.1909060936,0.0364483199,0.0011611938,0.0000017785,0.0000000000
4.920000,-0.4370941162,0.1910559247,0.0365059263,0.0024765015,0.0000068348,0.0000000001
4.930000,-0.4364654541,0.1905032854,0.0362924092,0.0017898560,0.0000067937,0.0000000002
4.940000,-0.4344024658,0.1887120812,0.0356172034,0.0016021729,0.0000037773,0.0000000000
4.950000,-0.4338562012,0.1882404049,0.0354413984,0.0023742676,0.0000069929,0.0000000001
4.960000,-0.4329742432,0.1874769602,0.0351553259,0.0023345947,0.0000059628,0.0000000000
4.970000,-0.4312164307,0.1859497926,0.0345789447,0.0012344360,0.0000019178,0.0000000000
4.980000,-0.4306640625,0.1854788757,0.0344078577,0.0011566162,0.0000018422,0.0000000000
4.990000,-0.4273803711,0.1826640614,0.0333734650,0.0027572632,0.0000086065,0.0000000001
5.000000,-0.4273406982,0.1826217274,0.0333519047,0.0019348145,0.0000046814,0.0000000000